{"N予備校":30.833333492279053,"ドットインストール":40.33333349227905,"POSSE課題":25.833333492279053}