{"N予備校":18.833333492279053,"ドットインストール":17.333333492279053,"POSSE課題":19.833333492279053}