{"HTML":11,"PHP":11.75,"Laravel":9.833333253860474,"SQL":12.083333253860474,"CSS":20.916666626930237,"JavaScript":8.916666626930237,"SHELL":9,"情報システム基礎知識（その他）":13.5}