{"HTML":8.899999976158142,"PHP":9.649999976158142,"Laravel":8.166666626930237,"SQL":8.316666603088379,"CSS":6.816666603088379,"JavaScript":5.149999976158142,"SHELL":5,"情報システム基礎知識（その他）":4}